{
  "$schema": "https://github.com/grafana/grafana/raw/main/docs/sources/developers/plugins/plugin.schema.json",
  "annotations": true,
  "dependencies": {
    "grafanaDependency": "\u003e=8.5.13",
    "grafanaVersion": "8.5.x",
    "plugins": []
  },
  "id": "marcusolsson-json-datasource",
  "info": {
    "author": {
      "name": "Grafana Labs",
      "url": "https://grafana.com"
    },
    "build": {
      "time": 1704466317680,
      "repo": "https://github.com/grafana/grafana-json-datasource",
      "branch": "main",
      "hash": "c06182f4c4e75457dd4b89abca9fac9b32f0cd73",
      "build": 93
    },
    "description": "A data source plugin for loading JSON APIs into Grafana.",
    "keywords": [
      "json",
      "api"
    ],
    "links": [
      {
        "name": "Documentation",
        "url": "https://grafana.com/docs/plugins/marcusolsson-json-datasource/latest/"
      },
      {
        "name": "Github",
        "url": "https://github.com/grafana/grafana-json-datasource"
      },
      {
        "name": "License",
        "url": "https://github.com/grafana/grafana-json-datasource/blob/main/LICENSE"
      }
    ],
    "logos": {
      "large": "img/logo.svg",
      "small": "img/logo.svg"
    },
    "screenshots": [
      {
        "name": "Explore (Dark)",
        "path": "img/dark.png"
      },
      {
        "name": "Explore (Light)",
        "path": "img/light.png"
      }
    ],
    "updated": "2024-01-05",
    "version": "1.3.10"
  },
  "logs": true,
  "metrics": true,
  "name": "JSON API",
  "type": "datasource"
}