{
  "annotations": {
    "list": [
      {
        "builtIn": 1,
        "datasource": {
          "type": "grafana",
          "uid": "-- Grafana --"
        },
        "enable": true,
        "hide": true,
        "iconColor": "rgba(0, 211, 255, 1)",
        "name": "Annotations & Alerts",
        "type": "dashboard"
      }
    ]
  },
  "editable": true,
  "fiscalYearStartMonth": 0,
  "graphTooltip": 0,
  "id": 3,
  "links": [],
  "liveNow": false,
  "panels": [
    {
      "datasource": {
        "type": "marcusolsson-json-datasource",
        "uid": "e87d0a2e-fa9d-4934-932c-460726e4a1d0"
      },
      "fieldConfig": {
        "defaults": {
          "color": {
            "mode": "thresholds"
          },
          "custom": {
            "align": "auto",
            "cellOptions": {
              "type": "auto"
            },
            "inspect": false
          },
          "mappings": [],
          "thresholds": {
            "mode": "absolute",
            "steps": [
              {
                "color": "green",
                "value": null
              },
              {
                "color": "red",
                "value": 80
              }
            ]
          }
        },
        "overrides": []
      },
      "gridPos": {
        "h": 6,
        "w": 3,
        "x": 0,
        "y": 0
      },
      "id": 5,
      "options": {
        "cellHeight": "sm",
        "footer": {
          "countRows": false,
          "fields": "",
          "reducer": [
            "sum"
          ],
          "show": false
        },
        "showHeader": true
      },
      "pluginVersion": "10.1.2",
      "targets": [
        {
          "body": "{\n    \"name\": \"${__user.login}\"\n}\n",
          "cacheDurationSeconds": 0,
          "datasource": {
            "type": "marcusolsson-json-datasource",
            "uid": "e87d0a2e-fa9d-4934-932c-460726e4a1d0"
          },
          "fields": [
            {
              "jsonPath": "name"
            }
          ],
          "method": "POST",
          "queryParams": "",
          "refId": "A",
          "urlPath": "/test"
        }
      ],
      "title": "JSON API POST",
      "type": "table"
    },
    {
      "datasource": {
        "type": "marcusolsson-json-datasource",
        "uid": "e87d0a2e-fa9d-4934-932c-460726e4a1d0"
      },
      "fieldConfig": {
        "defaults": {
          "color": {
            "mode": "thresholds"
          },
          "custom": {
            "align": "auto",
            "cellOptions": {
              "type": "auto"
            },
            "inspect": false
          },
          "mappings": [],
          "thresholds": {
            "mode": "absolute",
            "steps": [
              {
                "color": "green",
                "value": null
              },
              {
                "color": "red",
                "value": 80
              }
            ]
          }
        },
        "overrides": []
      },
      "gridPos": {
        "h": 6,
        "w": 3,
        "x": 3,
        "y": 0
      },
      "id": 4,
      "options": {
        "cellHeight": "sm",
        "footer": {
          "countRows": false,
          "fields": "",
          "reducer": [
            "sum"
          ],
          "show": false
        },
        "showHeader": true
      },
      "pluginVersion": "10.1.2",
      "targets": [
        {
          "cacheDurationSeconds": 300,
          "datasource": {
            "type": "marcusolsson-json-datasource",
            "uid": "e87d0a2e-fa9d-4934-932c-460726e4a1d0"
          },
          "fields": [
            {
              "jsonPath": "data"
            }
          ],
          "headers": [
            [
              "x-user-id",
              "${__user.login}"
            ]
          ],
          "method": "GET",
          "queryParams": "",
          "refId": "A",
          "urlPath": "/"
        }
      ],
      "title": "JSON API GET",
      "type": "table"
    },
    {
      "datasource": {
        "type": "yesoreyeram-infinity-datasource",
        "uid": "e29eefcd-f311-40de-875f-f3031f0dfa1e"
      },
      "fieldConfig": {
        "defaults": {
          "color": {
            "mode": "thresholds"
          },
          "custom": {
            "align": "auto",
            "cellOptions": {
              "type": "auto"
            },
            "inspect": false
          },
          "mappings": [],
          "thresholds": {
            "mode": "absolute",
            "steps": [
              {
                "color": "green",
                "value": null
              },
              {
                "color": "red",
                "value": 80
              }
            ]
          }
        },
        "overrides": []
      },
      "gridPos": {
        "h": 6,
        "w": 3,
        "x": 6,
        "y": 0
      },
      "id": 2,
      "options": {
        "cellHeight": "sm",
        "footer": {
          "countRows": false,
          "fields": "",
          "reducer": [
            "sum"
          ],
          "show": false
        },
        "showHeader": true
      },
      "pluginVersion": "10.1.2",
      "targets": [
        {
          "columns": [],
          "datasource": {
            "type": "yesoreyeram-infinity-datasource",
            "uid": "e29eefcd-f311-40de-875f-f3031f0dfa1e"
          },
          "filters": [],
          "format": "table",
          "global_query_id": "",
          "refId": "A",
          "root_selector": "",
          "source": "url",
          "type": "json",
          "url": "http://localhost:8001/api",
          "url_options": {
            "data": "",
            "headers": [
              {
                "key": "x-user-id",
                "value": "${__user.login}"
              }
            ],
            "method": "GET"
          }
        }
      ],
      "title": "Infinity GET",
      "type": "table"
    },
    {
      "datasource": {
        "type": "yesoreyeram-infinity-datasource",
        "uid": "e29eefcd-f311-40de-875f-f3031f0dfa1e"
      },
      "fieldConfig": {
        "defaults": {
          "color": {
            "mode": "thresholds"
          },
          "custom": {
            "align": "auto",
            "cellOptions": {
              "type": "auto"
            },
            "inspect": false
          },
          "mappings": [],
          "thresholds": {
            "mode": "absolute",
            "steps": [
              {
                "color": "green",
                "value": null
              },
              {
                "color": "red",
                "value": 80
              }
            ]
          }
        },
        "overrides": []
      },
      "gridPos": {
        "h": 6,
        "w": 3,
        "x": 9,
        "y": 0
      },
      "id": 3,
      "options": {
        "cellHeight": "sm",
        "footer": {
          "countRows": false,
          "fields": "",
          "reducer": [
            "sum"
          ],
          "show": false
        },
        "showHeader": true
      },
      "pluginVersion": "10.1.2",
      "targets": [
        {
          "columns": [],
          "datasource": {
            "type": "yesoreyeram-infinity-datasource",
            "uid": "e29eefcd-f311-40de-875f-f3031f0dfa1e"
          },
          "filters": [],
          "format": "table",
          "global_query_id": "",
          "refId": "A",
          "root_selector": "",
          "source": "url",
          "type": "json",
          "url": "http://localhost:8001/api",
          "url_options": {
            "body_content_type": "text/plain",
            "body_form": [
              {
                "key": "name",
                "value": "${__user.login}"
              }
            ],
            "body_type": "x-www-form-urlencoded",
            "data": "",
            "headers": [
              {
                "key": "header-key",
                "value": "${__user.login}"
              }
            ],
            "method": "POST"
          }
        }
      ],
      "title": "Infinity POST",
      "type": "table"
    }
  ],
  "refresh": "5s",
  "schemaVersion": 38,
  "style": "dark",
  "tags": [],
  "templating": {
    "list": [
      {
        "current": {
          "selected": true,
          "text": "reportB",
          "value": "reportB"
        },
        "datasource": {
          "type": "marcusolsson-json-datasource",
          "uid": "e87d0a2e-fa9d-4934-932c-460726e4a1d0"
        },
        "definition": "$.reports[*].name",
        "description": "available reports",
        "hide": 0,
        "includeAll": false,
        "label": "reports",
        "multi": false,
        "name": "reports",
        "options": [],
        "query": {
          "cacheDurationSeconds": 0,
          "fields": [
            {
              "jsonPath": "$.reports[*].name",
              "name": "",
              "type": "string"
            }
          ],
          "headers": [
            [
              "x-user-id",
              "${__user.login}"
            ]
          ],
          "method": "GET",
          "queryParams": "",
          "urlPath": "/reports"
        },
        "refresh": 1,
        "regex": "",
        "skipUrlSync": false,
        "sort": 0,
        "type": "query"
      }
    ]
  },
  "time": {
    "from": "now-6h",
    "to": "now"
  },
  "timepicker": {},
  "timezone": "",
  "title": "Covid",
  "uid": "fd6637f4-6a91-4047-ae13-e35fd2450dc0",
  "version": 21,
  "weekStart": ""
}